trade_date,net_ret_raw,gate_signal,exposure,net_ret_filtered
2021-01-04,0.017886662757496168,,1.0,0.017886662757496168
2021-01-05,0.005138414979991598,,1.0,0.005138414979991598
2021-01-06,0.013194350245910268,,1.0,0.013194350245910268
2021-01-07,-0.010492493992887564,,1.0,-0.010492493992887564
2021-01-08,-0.02210740509254797,,1.0,-0.02210740509254797
2021-01-11,0.035327049340918334,,1.0,0.035327049340918334
2021-01-12,-0.022689315868772993,,1.0,-0.022689315868772993
2021-01-13,-0.019917427251223897,,1.0,-0.019917427251223897
2021-01-14,0.0006236871397131511,,1.0,0.0006236871397131511
2021-01-15,0.007111983093832508,,1.0,0.007111983093832508
2021-01-18,-0.017094309025116106,,1.0,-0.017094309025116106
2021-01-19,0.025071832438596016,,1.0,0.025071832438596016
2021-01-20,0.020066207203176332,,1.0,0.020066207203176332
2021-01-21,0.025101908384631333,,1.0,0.025101908384631333
2021-01-22,1.902924427618028e-05,,1.0,1.902924427618028e-05
2021-01-25,-0.026078183238752082,,1.0,-0.026078183238752082
2021-01-26,-0.009197786653973817,,1.0,-0.009197786653973817
2021-01-27,-0.009797575969373746,,1.0,-0.009797575969373746
2021-01-28,-0.006012430073930272,,1.0,-0.006012430073930272
2021-01-29,0.0036253868669696926,,1.0,0.0036253868669696926
2021-02-01,0.004265964525793607,,1.0,0.004265964525793607
2021-02-02,-0.019446360903271877,,1.0,-0.019446360903271877
2021-02-03,-0.0018767178867026965,,1.0,-0.0018767178867026965
2021-02-04,-0.016290095525511434,,1.0,-0.016290095525511434
2021-02-05,0.008670795621244145,,1.0,0.008670795621244145
2021-02-08,0.03850419175322636,,1.0,0.03850419175322636
2021-02-09,0.036895399892259595,,1.0,0.036895399892259595
2021-02-10,-0.026750615374116493,,1.0,-0.026750615374116493
2021-02-18,0.007117768203374455,,1.0,0.007117768203374455
2021-02-19,-0.029875166079872707,,1.0,-0.029875166079872707
2021-02-22,0.004897386365357074,,1.0,0.004897386365357074
2021-02-23,-0.02384250267835272,,1.0,-0.02384250267835272
2021-02-24,-0.020022130600843287,,1.0,-0.020022130600843287
2021-02-25,-0.00335496247467194,,1.0,-0.00335496247467194
2021-02-26,0.02707482849825956,,1.0,0.02707482849825956
2021-03-01,-0.014674527773382493,,1.0,-0.014674527773382493
2021-03-02,0.005987070154622305,,1.0,0.005987070154622305
2021-03-03,-0.03710801898564311,,0.5,-0.019054009492821555
2021-03-04,0.016674309921018017,,1.0,0.016174309921018017
2021-03-05,-0.03722941519666728,,0.5,-0.01911470759833364
2021-03-08,-0.011121618781086098,,0.5,-0.005560809390543049
2021-03-09,-0.00579398105796296,,0.5,-0.00289699052898148
2021-03-10,0.024383846723126858,,0.5,0.012191923361563429
2021-03-11,0.0024026254360114503,,0.5,0.0012013127180057251
2021-03-12,-0.016218226033238504,,0.5,-0.008109113016619252
2021-03-15,0.0031930601205700723,,0.5,0.0015965300602850362
2021-03-16,0.003952371116814271,,0.5,0.0019761855584071353
2021-03-17,-0.003412248506890367,,0.5,-0.0017061242534451835
2021-03-18,-0.009482115488156556,,0.5,-0.004741057744078278
2021-03-19,0.015657174154877412,,0.5,0.007828587077438706
2021-03-22,-0.01033387758269621,,0.5,-0.005166938791348105
2021-03-23,-0.01068219755198568,,0.5,-0.00534109877599284
2021-03-24,0.003347048036931272,,0.5,0.001673524018465636
2021-03-25,0.013906997206806328,,0.5,0.006953498603403164
2021-03-26,-0.0031753282474593957,,0.5,-0.0015876641237296978
2021-03-29,0.010170476670156773,,0.5,0.005085238335078387
2021-03-30,-0.0014090819515412455,,0.5,-0.0007045409757706227
2021-03-31,0.004081537995659391,,0.5,0.0020407689978296957
2021-04-01,0.015418164941782327,,0.5,0.007709082470891164
2021-04-02,-0.0007549894769957751,,0.5,-0.00037749473849788755
2021-04-06,-0.007941294879943635,,0.5,-0.0039706474399718176
2021-04-07,0.0043638190470413705,,0.5,0.0021819095235206852
2021-04-08,-0.014451327934000967,,0.5,-0.007225663967000483
2021-04-09,-0.03066703671687649,,0.5,-0.015333518358438245
2021-04-12,0.003452847925791966,,0.5,0.001726423962895983
2021-04-13,0.016238402555794257,,0.5,0.008119201277897128
2021-04-14,0.010175130483465558,,0.5,0.005087565241732779
2021-04-15,-0.004071029123590588,,0.5,-0.002035514561795294
2021-04-16,0.02981425288444245,,0.5,0.014907126442221225
2021-04-19,-0.006365805258844444,,0.5,-0.003182902629422222
2021-04-20,0.007054695975092647,,1.0,0.0065546959750926465
2021-04-21,-0.0034277792681505484,,0.5,-0.002213889634075274
2021-04-22,0.014152783303852293,,1.0,0.013652783303852292
2021-04-23,-0.0049540194521859055,,1.0,-0.0049540194521859055
2021-04-26,-0.00639675622102984,,0.5,-0.00369837811051492
2021-04-27,0.017048264842793398,,1.0,0.016548264842793398
2021-04-28,-0.004612994975300417,,1.0,-0.004612994975300417
2021-04-29,0.004623754098421263,,1.0,0.004623754098421263
2021-04-30,0.002655632290484381,,1.0,0.002655632290484381
2021-05-06,-0.007104049508151281,,1.0,-0.007104049508151281
2021-05-07,-0.012091257026377774,,0.5,-0.006545628513188887
2021-05-10,0.001898331286867542,,1.0,0.001398331286867542
2021-05-11,-0.00014781651727071156,,1.0,-0.00014781651727071156
2021-05-12,-0.004633358297127027,,0.5,-0.0028166791485635134
2021-05-13,0.017562035621788173,,1.0,0.017062035621788173
2021-05-14,0.015810339225136836,,1.0,0.015810339225136836
2021-05-17,-0.005053368251625355,,1.0,-0.005053368251625355
2021-05-18,-0.0029424607274865957,,1.0,-0.0029424607274865957
2021-05-19,-0.0004322973843070443,,1.0,-0.0004322973843070443
2021-05-20,-0.004759045400384677,,1.0,-0.004759045400384677
2021-05-21,0.008258674886926633,,1.0,0.008258674886926633
2021-05-24,0.020803707798785855,,1.0,0.020803707798785855
2021-05-25,-0.0010866936618880866,,1.0,-0.0010866936618880866
2021-05-26,0.021569176286770724,,1.0,0.021569176286770724
2021-05-27,0.006522802027870082,,1.0,0.006522802027870082
2021-05-28,0.01373281565644242,,1.0,0.01373281565644242
2021-05-31,0.005456397687014631,,1.0,0.005456397687014631
2021-06-01,-0.015857509326711525,,1.0,-0.015857509326711525
2021-06-02,-0.008438562785975993,,1.0,-0.008438562785975993
2021-06-03,0.011491080846513783,,1.0,0.011491080846513783
2021-06-04,-0.0052247235813792075,,1.0,-0.0052247235813792075
2021-06-07,-0.006132911069627871,,1.0,-0.006132911069627871
2021-06-08,0.0027287538063899405,,1.0,0.0027287538063899405
2021-06-09,0.02519866995392396,,1.0,0.02519866995392396
2021-06-10,0.0046686875535114055,,1.0,0.0046686875535114055
2021-06-11,-0.012493621344530883,,1.0,-0.012493621344530883
2021-06-15,-0.030184841218631353,,1.0,-0.030184841218631353
2021-06-16,0.016590931531641324,,1.0,0.016590931531641324
2021-06-17,0.018169035555944762,,1.0,0.018169035555944762
2021-06-18,0.013128253148265493,,1.0,0.013128253148265493
2021-06-21,0.01393301800014203,,1.0,0.01393301800014203
2021-06-22,0.008131171765238867,,1.0,0.008131171765238867
2021-06-23,-0.003247472868069881,,1.0,-0.003247472868069881
2021-06-24,0.01307491912725391,,1.0,0.01307491912725391
2021-06-25,0.016862405574664792,,1.0,0.016862405574664792
2021-06-28,-0.0042351009298379995,,1.0,-0.0042351009298379995
2021-06-29,0.01325761184349036,,1.0,0.01325761184349036
2021-06-30,-0.008885363079581985,,1.0,-0.008885363079581985
2021-07-01,-0.0071416979709336805,,1.0,-0.0071416979709336805
2021-07-02,0.027935418983622815,,1.0,0.027935418983622815
2021-07-05,-0.0272416212151421,,1.0,-0.0272416212151421
2021-07-06,0.055229905614734814,,1.0,0.055229905614734814
2021-07-07,0.009125139580573437,,1.0,0.009125139580573437
2021-07-08,0.01658952612167413,,1.0,0.01658952612167413
2021-07-09,0.011401254496241617,,1.0,0.011401254496241617
2021-07-12,-0.009415911199807269,,1.0,-0.009415911199807269
2021-07-13,-0.028194000812986342,,1.0,-0.028194000812986342
2021-07-14,0.028970754893582036,,1.0,0.028970754893582036
2021-07-15,-0.03356471377986175,,1.0,-0.03356471377986175
2021-07-16,-0.009993435222744615,,1.0,-0.009993435222744615
2021-07-19,0.02750793958819675,,1.0,0.02750793958819675
2021-07-20,0.039810026264956125,,1.0,0.039810026264956125
2021-07-21,0.011321499282118196,,1.0,0.011321499282118196
2021-07-22,-0.007106663053616746,,1.0,-0.007106663053616746
2021-07-23,-0.0041865587139171614,,1.0,-0.0041865587139171614
2021-07-26,-0.04975902363736962,,1.0,-0.04975902363736962
2021-07-27,0.03693094689196722,,1.0,0.03693094689196722
2021-07-28,0.037732875718205834,,1.0,0.037732875718205834
2021-07-29,0.015696784795088674,,1.0,0.015696784795088674
2021-07-30,-0.0068701631680383665,,1.0,-0.0068701631680383665
2021-08-02,-0.03081417203361628,,1.0,-0.03081417203361628
2021-08-03,0.042994538408198085,,1.0,0.042994538408198085
2021-08-04,0.003971559797106535,,1.0,0.003971559797106535
2021-08-05,0.01556118452215524,,1.0,0.01556118452215524
2021-08-06,-0.009355761763540462,,1.0,-0.009355761763540462
2021-08-09,0.002499885171415442,,1.0,0.002499885171415442
2021-08-10,0.015368447508926785,,1.0,0.015368447508926785
2021-08-11,0.006126270529745074,,1.0,0.006126270529745074
2021-08-12,0.01618757745161508,,1.0,0.01618757745161508
2021-08-13,-0.023211852519017875,,1.0,-0.023211852519017875
2021-08-16,-0.0143096237009857,,1.0,-0.0143096237009857
2021-08-17,-0.008446856132667664,,1.0,-0.008446856132667664
2021-08-18,-0.0005748698739846524,,1.0,-0.0005748698739846524
2021-08-19,0.009823011507216733,,1.0,0.009823011507216733
2021-08-20,0.032425660834620146,,1.0,0.032425660834620146
2021-08-23,0.004045677131133555,,1.0,0.004045677131133555
2021-08-24,0.030403567313686736,,1.0,0.030403567313686736
2021-08-25,-0.0021734752982149755,,1.0,-0.0021734752982149755
2021-08-26,0.027479884774468607,,1.0,0.027479884774468607
2021-08-27,0.026056546031608972,,1.0,0.026056546031608972
2021-08-30,0.01756973152352783,,1.0,0.01756973152352783
2021-08-31,-0.05383166475888981,,1.0,-0.05383166475888981
2021-09-01,0.02841089835942352,,1.0,0.02841089835942352
2021-09-02,-0.013616805172008181,,1.0,-0.013616805172008181
2021-09-03,0.011098506541663456,,1.0,0.011098506541663456
2021-09-06,0.02341998442033992,,1.0,0.02341998442033992
2021-09-07,0.012192743601933037,,1.0,0.012192743601933037
2021-09-08,0.03474107007689532,,1.0,0.03474107007689532
2021-09-09,-0.006672463838403227,,1.0,-0.006672463838403227
2021-09-10,0.020480250328097065,,1.0,0.020480250328097065
2021-09-13,-0.015113252589086043,,1.0,-0.015113252589086043
2021-09-14,0.024269203954079117,,1.0,0.024269203954079117
2021-09-15,-0.03760592053734995,,1.0,-0.03760592053734995
2021-09-16,-0.03581043489398078,,1.0,-0.03581043489398078
2021-09-17,0.04991880613687777,,1.0,0.04991880613687777
2021-09-22,-0.019104948846181607,,1.0,-0.019104948846181607
2021-09-23,-0.030909110344994772,,1.0,-0.030909110344994772
2021-09-24,-0.038815462778216264,,0.5,-0.019907731389108133
2021-09-27,0.011431604985547556,,1.0,0.010931604985547556
2021-09-28,-0.03891494783002242,,0.5,-0.01995747391501121
2021-09-29,0.041484197749712994,,1.0,0.04098419774971299
2021-09-30,-0.02867081192894079,,0.5,-0.014835405964470395
2021-10-08,-0.015547161172310319,,0.5,-0.0077735805861551596
2021-10-11,-0.021258478896003415,,0.0,-0.0005
2021-10-12,0.025604981341787375,,0.5,0.012302490670893687
2021-10-13,0.009962736892855881,,0.5,0.0049813684464279405
2021-10-14,0.025339501991296153,,0.5,0.012669750995648077
2021-10-15,0.00688421087727671,,1.0,0.006384210877276709
2021-10-18,0.0034023740478685356,,1.0,0.0034023740478685356
2021-10-19,0.008406363548843838,,1.0,0.008406363548843838
2021-10-20,-0.008807207362481305,,1.0,-0.008807207362481305
2021-10-21,6.473015713645559e-07,,1.0,6.473015713645559e-07
2021-10-22,0.0313313572837997,,1.0,0.0313313572837997
2021-10-25,-0.011303058021428431,,1.0,-0.011303058021428431
2021-10-26,0.0025668427177140784,,1.0,0.0025668427177140784
2021-10-27,-0.010165973559763853,,1.0,-0.010165973559763853
2021-10-28,0.022838729127469006,,1.0,0.022838729127469006
2021-10-29,3.7208520474112546e-05,,1.0,3.7208520474112546e-05
2021-11-01,-0.018324718068666066,,1.0,-0.018324718068666066
2021-11-02,-0.0019366085047660556,,1.0,-0.0019366085047660556
2021-11-03,0.004250006504501889,,1.0,0.004250006504501889
2021-11-04,-0.014777971979988917,,1.0,-0.014777971979988917
2021-11-05,0.034029285353334424,,1.0,0.034029285353334424
2021-11-08,-0.011270132662919964,,1.0,-0.011270132662919964
2021-11-09,-0.00947638889299889,,1.0,-0.00947638889299889
2021-11-10,0.005386677009899309,,1.0,0.005386677009899309
2021-11-11,0.0009527170847751094,,1.0,0.0009527170847751094
2021-11-12,-0.031209101055332877,,0.5,-0.016104550527666437
2021-11-15,-0.009713373360740778,,0.5,-0.004856686680370389
2021-11-16,0.016864935009054727,,1.0,0.016364935009054726
2021-11-17,-0.00047003088798701505,,1.0,-0.00047003088798701505
2021-11-18,0.018546969847098513,,1.0,0.018546969847098513
2021-11-19,0.026162920681840757,,1.0,0.026162920681840757
2021-11-22,-0.00235534242342741,,1.0,-0.00235534242342741
2021-11-23,-0.006937883730082044,,1.0,-0.006937883730082044
2021-11-24,-0.013583931560714272,,1.0,-0.013583931560714272
2021-11-25,-0.006732498046899867,,1.0,-0.006732498046899867
2021-11-26,0.03303140016054966,,1.0,0.03303140016054966
2021-11-29,-0.010325947559410797,,1.0,-0.010325947559410797
2021-11-30,-0.004145292177974371,,1.0,-0.004145292177974371
2021-12-01,-0.0010382570379417208,,1.0,-0.0010382570379417208
2021-12-02,0.010141362308181266,,1.0,0.010141362308181266
2021-12-03,-0.010434567460890788,,1.0,-0.010434567460890788
2021-12-06,-0.020457889244790202,,1.0,-0.020457889244790202
2021-12-07,0.01876286074439292,,1.0,0.01876286074439292
2021-12-08,-0.0010673827291251578,,1.0,-0.0010673827291251578
2021-12-09,0.0052230502801365675,,1.0,0.0052230502801365675
2021-12-10,-0.00013423260572461432,,1.0,-0.00013423260572461432
2021-12-13,-0.005928960463428483,,1.0,-0.005928960463428483
2021-12-14,-0.006347432586529499,,1.0,-0.006347432586529499
2021-12-15,0.0009513359066460714,,1.0,0.0009513359066460714
2021-12-16,-0.022694732705669043,,1.0,-0.022694732705669043
2021-12-17,-0.021215099517679643,,0.5,-0.011107549758839822
2021-12-20,0.012930687197765356,,0.5,0.006465343598882678
2021-12-21,0.007568401646731901,,0.5,0.0037842008233659507
2021-12-22,0.0051417294790125825,,1.0,0.004641729479012582
2021-12-23,-0.019590105123498965,,0.5,-0.010295052561749483
2021-12-24,-3.286504463177232e-05,,0.5,-1.643252231588616e-05
2021-12-27,0.007525341025958641,,0.5,0.0037626705129793206
2021-12-28,-0.010641970342733507,,0.5,-0.0053209851713667536
2021-12-29,0.02129799505572397,,1.0,0.02079799505572397
2021-12-30,0.0034878669763568006,,1.0,0.0034878669763568006
2021-12-31,-0.02608463921751149,,0.5,-0.013542319608755746
2022-01-04,-0.01943042752380617,,0.5,-0.009715213761903084
2022-01-05,0.01704192572837655,,0.5,0.008520962864188275
2022-01-06,-0.0017935219234535985,,0.5,-0.0008967609617267992
2022-01-07,0.0030161441887306337,,0.5,0.0015080720943653168
2022-01-10,-0.0032192508752815784,,0.5,-0.0016096254376407892
2022-01-11,0.007480912510121582,,0.5,0.003740456255060791
2022-01-12,-0.014007705408377074,,0.5,-0.007003852704188537
2022-01-13,-0.011470373334173412,,0.5,-0.005735186667086706
2022-01-14,0.005061282463161655,,0.5,0.0025306412315808276
2022-01-17,0.020454167324170387,,0.5,0.010227083662085194
2022-01-18,-0.009358566072859996,,0.5,-0.004679283036429998
2022-01-19,-0.0037451926118875797,,0.5,-0.0018725963059437899
2022-01-20,-0.004312994817979017,,0.5,-0.0021564974089895083
2022-01-21,0.004999964168719562,,0.5,0.002499982084359781
2022-01-24,-0.0246962449385003,,0.5,-0.01234812246925015
2022-01-25,0.007955012948557728,,0.5,0.003977506474278864
2022-01-26,-0.01439847176660082,,0.0,-0.0005
2022-01-27,-0.004883962497331562,,0.0,-0.0
2022-01-28,0.02900080400353293,,0.5,0.014000402001766464
2022-02-07,-0.03026985529016312,,0.0,-0.0005
2022-02-08,0.01334010838986311,,0.5,0.006170054194931555
2022-02-09,-0.02381771338320673,,0.0,-0.0005
2022-02-10,-0.02091667219664128,,0.0,-0.0
2022-02-11,0.008307325874230036,,0.0,0.0
2022-02-14,0.03522078275570628,,0.0,0.0
2022-02-15,-0.009321914800889402,,0.0,-0.0
2022-02-16,0.009910651632976272,,0.0,0.0
2022-02-17,0.00013030010934712431,,0.0,0.0
2022-02-18,-0.002024798121897243,,0.0,-0.0
2022-02-21,0.003227053834617217,,0.5,0.0011135269173086085
2022-02-22,0.03468693439481515,,0.5,0.017343467197407574
2022-02-23,0.009430305822001779,,0.5,0.0047151529110008895
2022-02-24,0.00377112862102629,,0.5,0.001885564310513145
2022-02-25,0.019393893584363733,,1.0,0.018893893584363733
2022-02-28,-0.00859618365800336,,1.0,-0.00859618365800336
2022-03-01,0.0036031986446181815,,1.0,0.0036031986446181815
2022-03-02,-0.028278924414018785,,0.5,-0.014639462207009393
2022-03-03,-0.010064059448920318,,0.5,-0.005032029724460159
2022-03-04,-0.022412235579012688,,0.5,-0.011206117789506344
2022-03-07,-0.021167267923273704,,0.0,-0.0005
2022-03-08,0.016377655993710938,,0.0,0.0
2022-03-09,-0.005337267497823046,,0.0,-0.0
2022-03-10,-0.0030193642821736543,,0.0,-0.0
2022-03-11,-0.03245091136210294,,0.0,-0.0
2022-03-14,0.0012101844085314604,,0.0,0.0
2022-03-15,0.04293432865612342,,0.0,0.0
2022-03-16,-0.010499224134348877,,0.0,-0.0
2022-03-17,0.006483219930018705,,0.0,0.0
2022-03-18,0.0039020237467216933,,0.0,0.0
2022-03-21,-0.00015476901825814903,,0.0,-0.0
2022-03-22,-0.012155620752113749,,0.0,-0.0
2022-03-23,-0.00192634660100665,,0.0,-0.0
2022-03-24,-0.032206072451418245,,0.0,-0.0
2022-03-25,0.0008496466238545552,,0.0,0.0
2022-03-28,5.938956509018092e-06,,0.0,0.0
2022-03-29,0.02135871545830842,,0.0,0.0
2022-03-30,-0.029879934081769026,,0.0,-0.0
2022-03-31,0.008836674468867517,,0.0,0.0
2022-04-01,-0.010039625154290169,,0.0,-0.0
2022-04-06,-0.00817154401047031,,0.0,-0.0
2022-04-07,-0.0010016280224073016,,0.0,-0.0
2022-04-08,-0.03067911355729635,,0.0,-0.0
2022-04-11,0.007933615891181653,,0.0,0.0
2022-04-12,-0.0010684589468880545,,0.0,-0.0
2022-04-13,-0.012260643299062658,,0.0,-0.0
2022-04-14,-0.005687621637691053,,0.0,-0.0
2022-04-15,0.0030404450997925303,,0.0,0.0
2022-04-18,-0.0060753582018117855,,0.0,-0.0
2022-04-19,-0.025938729010063843,,0.0,-0.0
2022-04-20,-0.018637239822777475,,0.0,-0.0
2022-04-21,-0.0018125644515908554,,0.0,-0.0
2022-04-22,-0.041630353880017096,,0.0,-0.0
2022-04-25,-0.02322917650385782,,0.0,-0.0
2022-04-26,0.04410443726218956,,0.0,0.0
2022-04-27,0.015943783878246513,,0.0,0.0
2022-04-28,0.009139915146185753,,0.0,0.0
2022-04-29,-0.006732357532511484,,0.0,-0.0
2022-05-05,-0.01540350966132988,,0.0,-0.0
2022-05-06,0.00722979238457825,,0.0,0.0
2022-05-09,0.032210115088175416,,0.0,0.0
2022-05-10,0.01615148330217636,,0.0,0.0
2022-05-11,0.008098117980686475,,0.0,0.0
2022-05-12,0.005347977928851999,,0.25,0.0010869944822129998
2022-05-13,-0.01004708062713731,,0.0,-0.00025
2022-05-16,0.013903946288118453,,0.25,0.003225986572029613
2022-05-17,-0.00882258415250322,,0.0,-0.00025
2022-05-18,0.02639043379884492,,0.25,0.0063476084497112294
2022-05-19,0.013636052844340933,,0.25,0.0034090132110852333
2022-05-20,0.0014139206325038951,,0.25,0.0003534801581259738
2022-05-23,-0.0379947612844968,,0.0,-0.00025
2022-05-24,0.014844664864105775,,0.25,0.003461166216026444
2022-05-25,0.005071704275452426,,0.25,0.0012679260688631066
2022-05-26,-0.00348467670103435,,0.25,-0.0008711691752585875
2022-05-27,0.0099211359514009,,0.25,0.002480283987850225
2022-05-30,0.014253976115540334,,0.25,0.0035634940288850835
2022-05-31,0.0021850600482054075,,0.25,0.0005462650120513519
2022-06-01,0.012744455820824329,,0.25,0.003186113955206082
2022-06-02,0.031312697032879165,,0.25,0.007828174258219791
2022-06-06,-0.008548947807875894,,0.25,-0.0021372369519689735
2022-06-07,0.014915658304748697,,0.25,0.003728914576187174
2022-06-08,-0.020217230512892505,,0.25,-0.005054307628223126
2022-06-09,0.02941051748058522,,0.25,0.007352629370146305
2022-06-10,-0.0053310245527794,,0.25,-0.00133275613819485
2022-06-13,0.017810407349489875,,0.5,0.008655203674744937
2022-06-14,-0.01441884571543485,,0.25,-0.0038547114288587127
2022-06-15,-0.012272996774784046,,0.25,-0.0030682491936960114
2022-06-16,0.021006774629770585,,0.5,0.010253387314885292
2022-06-17,0.002059620569576639,,0.5,0.0010298102847883196
2022-06-20,-4.451422145202528e-05,,0.5,-2.225711072601264e-05
2022-06-21,-0.011921727778452872,,0.25,-0.003230431944613218
2022-06-22,0.026342425681633273,,0.5,0.012921212840816636
2022-06-23,0.00998038257555471,,0.5,0.004990191287777355
2022-06-24,0.008576251359636078,,0.5,0.004288125679818039
2022-06-27,0.015094955580357195,,0.5,0.007547477790178597
2022-06-28,-0.025973391886431656,,0.5,-0.012986695943215828
2022-06-29,0.009667693297994773,,0.5,0.004833846648997386
2022-06-30,-0.001000802100035512,,0.5,-0.000500401050017756
2022-07-01,0.024553447406644977,,0.5,0.012276723703322489
2022-07-04,-0.003243074004106127,,0.5,-0.0016215370020530636
2022-07-05,-0.005343726683933895,,0.5,-0.0026718633419669474
2022-07-06,0.03173328194798944,,1.0,0.03123328194798944
2022-07-07,-0.026942027159259696,,0.5,-0.013971013579629848
2022-07-08,-0.017228413718570236,,0.5,-0.008614206859285118
2022-07-11,-0.013178814333124188,,0.5,-0.006589407166562094
2022-07-12,0.014042054262609243,,0.5,0.007021027131304622
2022-07-13,0.02814507185143201,,0.5,0.014072535925716004
2022-07-14,-0.010735732753887976,,0.5,-0.005367866376943988
2022-07-15,0.0028742377568035256,,0.5,0.0014371188784017628
2022-07-18,-0.013624460009688966,,0.5,-0.006812230004844483
2022-07-19,0.006751761352655561,,0.5,0.0033758806763277806
2022-07-20,-0.0043310917579460146,,0.5,-0.0021655458789730073
2022-07-21,-0.0021608709664618347,,0.5,-0.0010804354832309173
2022-07-22,-0.027347925296419977,,0.5,-0.013673962648209989
2022-07-25,0.0182825707694238,,0.5,0.0091412853847119
2022-07-26,0.02116288102898317,,0.5,0.010581440514491586
2022-07-27,-0.006096819027811764,,0.5,-0.003048409513905882
2022-07-28,-0.014047504875940621,,0.5,-0.0070237524379703105
2022-07-29,0.011770722724497177,,0.5,0.005885361362248588
2022-08-01,-0.027781282380573605,,0.5,-0.013890641190286802
2022-08-02,-0.003584424333818897,,0.5,-0.0017922121669094486
2022-08-03,0.0015084574613193963,,0.5,0.0007542287306596981
2022-08-04,0.004831399152370149,,0.5,0.0024156995761850744
2022-08-05,0.008272499493602174,,0.5,0.004136249746801087
2022-08-08,0.006815535064553945,,0.5,0.0034077675322769724
2022-08-09,-0.001696382862382714,,0.5,-0.000848191431191357
2022-08-10,0.012352924731343319,,0.5,0.006176462365671659
2022-08-11,0.003249628944700179,,0.5,0.0016248144723500894
2022-08-12,0.007362869649772291,,0.5,0.0036814348248861454
2022-08-15,0.005428110300630436,,0.5,0.002714055150315218
2022-08-16,0.004458273307757284,,0.5,0.002229136653878642
2022-08-17,-0.004422769232507401,,0.5,-0.0022113846162537007
2022-08-18,0.008601622663716802,,1.0,0.008101622663716801
2022-08-19,0.0015926778226352275,,1.0,0.0015926778226352275
2022-08-22,0.007665746095727787,,1.0,0.007665746095727787
2022-08-23,-0.013517178625102488,,0.5,-0.007258589312551245
2022-08-24,0.012049299171083085,,1.0,0.011549299171083084
2022-08-25,-0.01670813349194343,,0.5,-0.008854066745971716
2022-08-26,0.015915991420801363,,1.0,0.015415991420801363
2022-08-29,-0.011785766581282778,,0.5,-0.00639288329064139
2022-08-30,-0.005848161655433891,,0.5,-0.0029240808277169457
2022-08-31,0.013856110072850784,,1.0,0.013356110072850784
2022-09-01,0.004416041231854301,,1.0,0.004416041231854301
2022-09-02,0.01449950236092815,,1.0,0.01449950236092815
2022-09-05,0.014658109964839898,,1.0,0.014658109964839898
2022-09-06,0.008599518667938049,,1.0,0.008599518667938049
2022-09-07,-0.006187215894240671,,1.0,-0.006187215894240671
2022-09-08,0.007144127499946937,,1.0,0.007144127499946937
2022-09-09,-0.019289215085192973,,1.0,-0.019289215085192973
2022-09-13,0.003605896023505332,,1.0,0.003605896023505332
2022-09-14,-0.029387491005544948,,1.0,-0.029387491005544948
2022-09-15,-0.029845862060198708,,0.5,-0.015422931030099354
2022-09-16,-0.0008217130714445085,,0.5,-0.00041085653572225423
2022-09-19,-0.005133597745522227,,0.5,-0.0025667988727611133
2022-09-20,0.002111328492630903,,0.5,0.0010556642463154515
2022-09-21,0.005262635957299105,,0.5,0.0026313179786495527
2022-09-22,-0.022612122797109616,,0.5,-0.011306061398554808
2022-09-23,-0.004923412552331598,,0.5,-0.002461706276165799
2022-09-26,0.009614718430522742,,0.5,0.004807359215261371
2022-09-27,-0.016493190107954397,,0.0,-0.0005
2022-09-28,-0.008377601411052272,,0.0,-0.0
2022-09-29,-0.007580430190049496,,0.0,-0.0
2022-09-30,-0.026876283782433594,,0.0,-0.0
2022-10-10,0.010541416008678473,,0.0,0.0
2022-10-11,0.02140512845187069,,0.0,0.0
2022-10-12,0.023008377478177515,,0.5,0.011004188739088757
2022-10-13,0.012518733466182663,,0.5,0.006259366733091331
2022-10-14,0.01020246154088488,,0.5,0.00510123077044244
2022-10-17,-0.005877096622523702,,0.5,-0.002938548311261851
2022-10-18,-0.012161688072653828,,0.5,-0.006080844036326914
2022-10-19,-0.0038715538582523397,,0.5,-0.0019357769291261698
2022-10-20,0.007734860927961146,,0.5,0.003867430463980573
2022-10-21,-0.009287994517562103,,0.5,-0.004643997258781052
2022-10-24,0.007137342199930619,,0.5,0.0035686710999653093
2022-10-25,0.022318128017751956,,0.5,0.011159064008875978
2022-10-26,-0.022057192279421878,,0.5,-0.011028596139710939
2022-10-27,-0.03333102092174435,,0.0,-0.0005
2022-10-28,0.019413345338789943,,0.0,0.0
2022-10-31,0.013561890764351507,,0.5,0.006280945382175754
2022-11-01,0.010032309422189222,,0.5,0.005016154711094611
2022-11-02,0.005579966288432621,,0.5,0.0027899831442163106
2022-11-03,0.03922528132001415,,1.0,0.03872528132001415
2022-11-04,0.003988181221898221,,1.0,0.003988181221898221
2022-11-07,-0.012335864710465744,,1.0,-0.012335864710465744
2022-11-08,-0.02066191050232483,,0.5,-0.010830955251162415
2022-11-09,0.017295242546858304,,0.5,0.008647621273429152
2022-11-10,-0.009498563087719228,,0.5,-0.004749281543859614
2022-11-11,-0.01798460636625967,,0.5,-0.008992303183129834
2022-11-14,0.018125635963991114,,0.5,0.009062817981995557
2022-11-15,-0.01610939046480993,,0.5,-0.008054695232404966
2022-11-16,-0.01360913919793455,,0.5,-0.006804569598967275
2022-11-17,-0.006964151755638175,,0.5,-0.0034820758778190877
2022-11-18,0.00605511331367631,,0.5,0.003027556656838155
2022-11-21,-0.013711924522164005,,0.0,-0.0005
2022-11-22,0.013725071260970004,,0.5,0.006362535630485002
2022-11-23,-0.0023230483037181894,,0.5,-0.0011615241518590947
2022-11-24,-0.014542014660966648,,0.0,-0.0005
2022-11-25,-0.00030879983185380763,,0.0,-0.0
2022-11-28,0.013473913609668528,,0.5,0.006236956804834264
2022-11-29,0.014382787233347152,,0.5,0.007191393616673576
2022-11-30,-0.006596158486890182,,0.5,-0.003298079243445091
2022-12-01,-0.0012813683515874945,,0.5,-0.0006406841757937473
2022-12-02,0.021415880174803642,,0.5,0.010707940087401821
2022-12-05,0.0007477553073954345,,0.5,0.00037387765369771727
2022-12-06,-0.011343894097262167,,0.5,-0.005671947048631084
2022-12-07,0.0063726608589498865,,0.5,0.0031863304294749433
2022-12-08,0.0021865364664360953,,0.5,0.0010932682332180476
2022-12-09,-0.018540292337444055,,0.5,-0.009270146168722028
2022-12-12,0.005831782353454811,,0.5,0.0029158911767274056
2022-12-13,-0.002821386221500917,,0.5,-0.0014106931107504585
2022-12-14,-0.007349601515437918,,0.5,-0.003674800757718959
2022-12-15,0.010561320602247307,,0.5,0.005280660301123653
2022-12-16,-0.026199969335591204,,0.0,-0.0005
2022-12-19,-0.0089586255861888,,0.0,-0.0
2022-12-20,0.0037184264270527477,,0.0,0.0
2022-12-21,-0.01046185082327616,,0.0,-0.0
2022-12-22,0.0018482326985595674,,0.0,0.0
2022-12-23,-7.656674057930483e-05,,0.0,-0.0
2022-12-26,0.007572314395010153,,0.0,0.0
2022-12-27,-0.0018317216401553074,,0.0,-0.0
2022-12-28,-0.0008298626844572641,,0.0,-0.0
2022-12-29,0.0018689129022299296,,0.0,0.0
2022-12-30,0.006006557562741948,,0.0,0.0
2023-01-03,-0.0043208299745315214,,0.0,-0.0
2023-01-04,0.012830214212799205,,0.5,0.005915107106399602
2023-01-05,0.010749825658010546,,0.5,0.005374912829005273
2023-01-06,0.003341718681145802,,0.5,0.001670859340572901
2023-01-09,-0.0007644524460657786,,0.5,-0.0003822262230328893
2023-01-10,-0.005808564220341296,,0.5,-0.002904282110170648
2023-01-11,0.0028142502270090642,,0.5,0.0014071251135045321
2023-01-12,0.0016337641916650569,,0.5,0.0008168820958325284
2023-01-13,0.020603250201952195,,0.5,0.010301625100976097
2023-01-16,0.01488470509150427,,0.5,0.007442352545752135
2023-01-17,-0.005010794318625835,,0.5,-0.0025053971593129174
2023-01-18,0.021194405286170455,,1.0,0.020694405286170454
2023-01-19,0.018610932728101194,,1.0,0.018610932728101194
2023-01-20,-0.010484098115184574,,1.0,-0.010484098115184574
2023-01-30,-0.0019051055865676667,,1.0,-0.0019051055865676667
2023-01-31,0.021641224433626954,,1.0,0.021641224433626954
2023-02-01,-0.012428967313196634,,1.0,-0.012428967313196634
2023-02-02,-0.004776003043711714,,1.0,-0.004776003043711714
2023-02-03,-0.008682592849623066,,1.0,-0.008682592849623066
2023-02-06,0.0015119236366288463,,1.0,0.0015119236366288463
2023-02-07,-0.011834752519971115,,0.5,-0.006417376259985558
2023-02-08,0.02382989492277485,,1.0,0.02332989492277485
2023-02-09,-0.007958476266728519,,1.0,-0.007958476266728519
2023-02-10,0.012244009887290578,,1.0,0.012244009887290578
2023-02-13,-0.005600422776206674,,1.0,-0.005600422776206674
2023-02-14,0.002547274036519656,,1.0,0.002547274036519656
2023-02-15,-0.017108226340211308,,1.0,-0.017108226340211308
2023-02-16,-0.014781520645969683,,0.5,-0.007890760322984842
2023-02-17,0.01888284911895831,,1.0,0.018382849118958308
2023-02-20,-0.005598038283180518,,1.0,-0.005598038283180518
2023-02-21,-0.002811269683216603,,1.0,-0.002811269683216603
2023-02-22,0.0030747157476792696,,1.0,0.0030747157476792696
2023-02-23,-0.012008357079930648,,0.5,-0.0065041785399653235
2023-02-24,-0.007675048528138961,,0.5,-0.0038375242640694804
2023-02-27,0.007128596934132651,,0.5,0.0035642984670663253
2023-02-28,0.01244452354855193,,1.0,0.01194452354855193
2023-03-01,5.5118285129868334e-05,,1.0,5.5118285129868334e-05
2023-03-02,0.011268423253874804,,1.0,0.011268423253874804
2023-03-03,-0.010899139402275916,,1.0,-0.010899139402275916
2023-03-06,-0.023841369952251786,,0.5,-0.012420684976125893
2023-03-07,0.002634481131628724,,0.5,0.001317240565814362
2023-03-08,-0.012630307064326452,,0.5,-0.006315153532163226
2023-03-09,-0.006542294857004645,,0.5,-0.0032711474285023225
2023-03-10,0.00246080809039969,,0.5,0.001230404045199845
2023-03-13,-0.003968797952516665,,0.5,-0.0019843989762583325
2023-03-14,0.004997863567249873,,0.5,0.0024989317836249365
2023-03-15,1.83327026590377e-05,,0.5,9.16635132951885e-06
2023-03-16,0.0011749647863933275,,0.5,0.0005874823931966638
2023-03-17,-0.011071717397172798,,0.5,-0.005535858698586399
2023-03-20,0.009619867418541456,,0.5,0.004809933709270728
2023-03-21,-1.5835951107216815e-05,,0.5,-7.917975553608408e-06
2023-03-22,0.004370189547228279,,0.5,0.0021850947736141396
2023-03-23,-0.007532486680789686,,0.5,-0.003766243340394843
2023-03-24,-0.0042334717985961536,,0.5,-0.0021167358992980768
2023-03-27,-0.0034881107398288293,,0.5,-0.0017440553699144146
2023-03-28,-0.004252537195822507,,0.5,-0.0021262685979112537
2023-03-29,0.010373895226012533,,0.5,0.005186947613006266
2023-03-30,-0.0029311684712304796,,0.5,-0.0014655842356152398
2023-03-31,0.006875165914487007,,0.5,0.0034375829572435034
2023-04-03,-0.0037609975632948312,,0.5,-0.0018804987816474156
2023-04-04,0.015425886965478211,,0.5,0.0077129434827391055
2023-04-06,0.008970075837763176,,0.5,0.004485037918881588
2023-04-07,-0.019353921688132207,,0.5,-0.009676960844066104
2023-04-10,-0.0011587899341653253,,0.5,-0.0005793949670826627
2023-04-11,0.01710070334930574,,0.5,0.00855035167465287
2023-04-12,-0.018269559273836406,,0.5,-0.009134779636918203
2023-04-13,0.007938714819392132,,0.5,0.003969357409696066
2023-04-14,-0.0017908163299652454,,0.5,-0.0008954081649826227
2023-04-17,-0.005159284555644029,,0.5,-0.0025796422778220146
2023-04-18,-0.0028801249447978393,,0.5,-0.0014400624723989197
2023-04-19,0.01071567746493963,,0.5,0.005357838732469815
2023-04-20,-0.03375540367433873,,0.0,-0.0005
2023-04-21,-0.00542640043102828,,0.0,-0.0
2023-04-24,-0.014873780886659046,,0.0,-0.0
2023-04-25,-0.009029802015191674,,0.0,-0.0
2023-04-26,-0.002867886897661145,,0.0,-0.0
2023-04-27,0.015265034077747057,,0.0,0.0
2023-04-28,-0.0010959699615289602,,0.0,-0.0
2023-05-04,-0.012641986144992179,,0.0,-0.0
2023-05-05,-0.0018106902464261128,,0.0,-0.0
2023-05-08,-0.01230106169910775,,0.0,-0.0
2023-05-09,0.004796895326316812,,0.0,0.0
2023-05-10,-0.004652080080994456,,0.0,-0.0
2023-05-11,-0.011249461715877845,,0.0,-0.0
2023-05-12,0.0105769911197351,,0.0,0.0
2023-05-15,-0.010705524614368148,,0.0,-0.0
2023-05-16,0.00015743456971323245,,0.0,0.0
2023-05-17,0.00024797942576877566,,0.0,0.0
2023-05-18,0.01056408846865209,,0.0,0.0
2023-05-19,0.0058494706986890075,,0.0,0.0
2023-05-22,-0.014620536970270827,,0.0,-0.0
2023-05-23,-0.011023876269055375,,0.0,-0.0
2023-05-24,0.0003312694235866555,,0.0,0.0
2023-05-25,0.007131714955068463,,0.0,0.0
2023-05-26,-0.009577614555611394,,0.0,-0.0
2023-05-29,0.002355818935988418,,0.0,0.0
2023-05-30,-0.007400544514389088,,0.0,-0.0
2023-05-31,0.01039997890017634,,0.0,0.0
2023-06-01,0.011847445029099611,,0.0,0.0
2023-06-02,-0.005230205407345144,,0.0,-0.0
2023-06-05,-0.009130870771613292,,0.0,-0.0
2023-06-06,-0.0018664644090824454,,0.0,-0.0
2023-06-07,0.013599648501652285,,0.0,0.0
2023-06-08,0.0012136188045910308,,0.0,0.0
2023-06-09,0.005027777179759899,,0.0,0.0
2023-06-12,-0.0012858636431570722,,0.0,-0.0
2023-06-13,0.0023075761925757843,,0.0,0.0
2023-06-14,0.010798413398692641,,0.0,0.0
2023-06-15,0.005893351660937816,,0.0,0.0
2023-06-16,-0.01139359523801242,,0.0,-0.0
2023-06-19,-0.0019225952450049335,,0.0,-0.0
2023-06-20,-0.012160633599239917,,0.0,-0.0
2023-06-21,-0.004706237051950676,,0.0,-0.0
2023-06-26,0.010518130609622735,,0.0,0.0
2023-06-27,0.00825041409890836,,0.0,0.0
2023-06-28,-0.004549821670290829,,0.0,-0.0
2023-06-29,-0.0011573689713911684,,0.0,-0.0
2023-06-30,0.017281404822269954,,0.0,0.0
2023-07-03,0.0014059910303371025,,0.0,0.0
2023-07-04,-0.010443968331636636,,0.0,-0.0
2023-07-05,-0.0029438843390514878,,0.0,-0.0
2023-07-06,0.00023996715102828645,,0.0,0.0
2023-07-07,0.002261403579002278,,0.0,0.0
2023-07-10,0.0025854902464222643,,0.0,0.0
2023-07-11,-0.004026164145830826,,0.0,-0.0
2023-07-12,0.004743098514262134,,0.0,0.0
2023-07-13,-0.009092348950972298,,0.0,-0.0
2023-07-14,-0.0018240574526389563,,0.0,-0.0
2023-07-17,-0.0026505863369572034,,0.0,-0.0
2023-07-18,-0.0014424500085161577,,0.0,-0.0
2023-07-19,-0.018042126690539957,,0.0,-0.0
2023-07-20,-0.005793225707589228,,0.0,-0.0
2023-07-21,0.010432022380889985,,0.0,0.0
2023-07-24,0.00634710928994397,,0.0,0.0
2023-07-25,-0.0023040139378386077,,0.0,-0.0
2023-07-26,-0.011665367723139516,,0.0,-0.0
2023-07-27,0.014432043702038728,,0.0,0.0
2023-07-28,0.005752762456638542,,0.0,0.0
2023-07-31,-0.002499713885300462,,0.0,-0.0
2023-08-01,-0.012442550037463815,,0.0,-0.0
2023-08-02,0.019755246680221834,,0.0,0.0
2023-08-03,-0.015495267867957536,,0.0,-0.0
2023-08-04,-0.007981305947147549,,0.0,-0.0
2023-08-07,-0.003061915630220187,,0.0,-0.0
2023-08-08,0.004910678462339101,,0.0,0.0
2023-08-09,0.00828083505261869,,0.0,0.0
2023-08-10,-0.02721515489212829,,0.0,-0.0
2023-08-11,-0.005795179143269048,,0.0,-0.0
2023-08-14,0.0017737607009152617,,0.0,0.0
2023-08-15,0.0024237225149200234,,0.0,0.0
2023-08-16,0.004587202988834761,,0.0,0.0
2023-08-17,-0.008075191329401073,,0.0,-0.0
2023-08-18,-0.0194477693049373,,0.0,-0.0
2023-08-21,-0.0002501667891202609,,0.0,-0.0
2023-08-22,-0.007971320965748895,,0.0,-0.0
2023-08-23,-0.0011075624126079498,,0.0,-0.0
2023-08-24,0.05397724652281352,,0.0,0.0
2023-08-25,-0.03408077818646526,,0.0,-0.0
2023-08-28,0.008898586183184471,,0.0,0.0
2023-08-29,-0.008545423486707837,,0.0,-0.0
2023-08-30,-0.011011505961734334,,0.0,-0.0
2023-08-31,0.005048292922230057,,0.0,0.0
2023-09-01,0.007718647280234378,,0.0,0.0
2023-09-04,-0.004602497673266545,,0.0,-0.0
2023-09-05,0.005037215868695288,,0.0,0.0
2023-09-06,-0.007594597441599701,,0.0,-0.0
2023-09-07,-0.002679909340536764,,0.0,-0.0
2023-09-08,0.005885460147897692,,0.0,0.0
2023-09-11,-0.004648499111980743,,0.0,-0.0
2023-09-12,-0.0019647290504854237,,0.0,-0.0
2023-09-13,0.01555121063777454,,0.0,0.0
2023-09-14,-0.008767309739963326,,0.0,-0.0
2023-09-15,0.001632944210342358,,0.0,0.0
2023-09-18,-0.0015342257051053263,,0.0,-0.0
2023-09-19,-0.006657421488294516,,0.0,-0.0
2023-09-20,-0.003992322394277268,,0.0,-0.0
2023-09-21,0.014925396062443443,,0.0,0.0
2023-09-22,-0.011911079450097908,,0.0,-0.0
2023-09-25,-0.004543570010813557,,0.0,-0.0
2023-09-26,0.008005923079364922,,0.0,0.0
2023-09-27,-0.009391489161271839,,0.0,-0.0
2023-09-28,0.0035237238831777764,,0.0,0.0
2023-10-09,-0.007478769695430472,,0.0,-0.0
2023-10-10,-0.0003316034761515527,,0.0,-0.0
2023-10-11,-0.0019381889848863905,,0.0,-0.0
2023-10-12,0.002845943351925491,,0.0,0.0
2023-10-13,-0.0004397704703994942,,0.0,-0.0
2023-10-16,-0.0023679611044291047,,0.0,-0.0
2023-10-17,-0.006463610053358015,,0.0,-0.0
2023-10-18,-0.019891084503606455,,0.0,-0.0
2023-10-19,0.0004963617868479396,,0.0,0.0
2023-10-20,-0.010187561106591804,,0.0,-0.0
2023-10-23,0.012164133447912355,,0.0,0.0
2023-10-24,-0.00692526762664197,,0.0,-0.0
2023-10-25,-0.0010523782050086566,,0.0,-0.0
2023-10-26,0.006757385105456076,,0.0,0.0
2023-10-27,-0.008178402755491311,,0.0,-0.0
2023-10-30,0.0067560405902588406,,0.0,0.0
2023-10-31,-0.004931524800487384,,0.0,-0.0
2023-11-01,-0.01234569341941329,,0.0,-0.0
2023-11-02,0.020508936017471006,,0.0,0.0
2023-11-03,0.01463049655069852,,0.0,0.0
2023-11-06,0.0010016130819008953,,0.0,0.0
2023-11-07,0.002706955613073992,,0.0,0.0
2023-11-08,-0.006234289290204799,,0.0,-0.0
2023-11-09,0.0010792999937885763,,0.0,0.0
2023-11-10,-0.0017788132939842703,,0.0,-0.0
2023-11-13,0.017769610817388842,,0.0,0.0
2023-11-14,-0.007958985711397856,,0.0,-0.0
2023-11-15,-0.015482585114337529,,0.0,-0.0
2023-11-16,0.008884258077108808,,0.0,0.0
2023-11-17,0.0013114119734735264,,0.0,0.0
2023-11-20,-0.008558501519546933,,0.0,-0.0
2023-11-21,-0.00962418965381517,,0.0,-0.0
2023-11-22,0.015766282924020436,,0.0,0.0
2023-11-23,-0.012074157853121848,,0.0,-0.0
2023-11-24,-0.005502761779861978,,0.0,-0.0
2023-11-27,0.0015774433314918743,,0.0,0.0
2023-11-28,-0.013919253959436637,,0.0,-0.0
2023-11-29,-0.004314158301950252,,0.0,-0.0
2023-11-30,0.004550533509034397,,0.0,0.0
2023-12-01,-0.0011197046499074384,,0.0,-0.0
2023-12-04,-0.01724414329300762,,0.0,-0.0
2023-12-05,0.00047632217173023024,,0.0,0.0
2023-12-06,0.009872785068138368,,0.0,0.0
2023-12-07,-0.020175733454424038,,0.0,-0.0
2023-12-08,0.04185601012130345,,0.0,0.0
2023-12-11,-0.0117430750498557,,0.0,-0.0
2023-12-12,-0.010291485883323615,,0.0,-0.0
2023-12-13,-0.009536937774587818,,0.0,-0.0
2023-12-14,0.006419506593395133,,0.0,0.0
2023-12-15,-0.01270278563999928,,0.0,-0.0
2023-12-18,-0.007163420280906221,,0.0,-0.0
2023-12-19,-0.004185276375372486,,0.0,-0.0
2023-12-20,-0.005742615397901978,,0.0,-0.0
2023-12-21,0.0003680293439815701,,0.0,0.0
2023-12-22,0.006284770652228053,,0.0,0.0
2023-12-25,-0.011120047188303835,,0.0,-0.0
2023-12-26,0.014242732631644415,,0.0,0.0
2023-12-27,0.008506242636982094,,0.0,0.0
2023-12-28,2.9799699597890094e-05,,0.0,0.0
2023-12-29,0.009112676678172078,,0.0,0.0
2024-01-02,-0.005069979037913602,,0.0,-0.0
2024-01-03,-0.009001473261339677,,0.0,-0.0
2024-01-04,-0.011077437008457374,,0.0,-0.0
2024-01-05,-0.011075483384467507,,0.0,-0.0
2024-01-08,-0.0008777264973894398,,0.0,-0.0
2024-01-09,-0.0008935885217425881,,0.0,-0.0
2024-01-10,0.009763186301032522,,0.0,0.0
2024-01-11,-0.006001189662107027,,0.0,-0.0
2024-01-12,-0.00416194140800433,,0.0,-0.0
2024-01-15,0.000435714315941829,,0.0,0.0
2024-01-16,-0.025885325258676862,,0.0,-0.0
2024-01-17,0.0075105989213321254,,0.0,0.0
2024-01-18,0.0018648803281148517,,0.0,0.0
2024-01-19,-0.0356821508391556,,0.0,-0.0
2024-01-22,0.018175397232163815,,0.0,0.0
2024-01-23,0.009602446576114643,,0.0,0.0
2024-01-24,0.020354307987393423,,0.0,0.0
2024-01-25,-0.0030464874186372326,,0.0,-0.0
2024-01-26,-0.0229485524229615,,0.0,-0.0
2024-01-29,-0.015125169364376549,,0.0,-0.0
2024-01-30,-0.019820814388412267,,0.0,-0.0
2024-01-31,0.004774426719561515,,0.0,0.0
2024-02-01,-0.026537208526203372,,0.0,-0.0
2024-02-02,-0.015415956492789392,,0.0,-0.0
2024-02-05,0.05077455850852505,,0.0,0.0
2024-02-06,0.020606443782072402,,0.0,0.0
2024-02-07,0.0232207057739226,,0.0,0.0
2024-02-08,0.006573184794121726,,0.0,0.0
2024-02-19,-0.0011307464126234026,,0.0,-0.0
2024-02-20,0.02013633944988406,,0.25,0.004784084862471015
2024-02-21,0.011628762525686332,,0.25,0.002907190631421583
2024-02-22,0.004221667236839261,,0.25,0.0010554168092098153
2024-02-23,-0.007106099133784686,,0.25,-0.0017765247834461715
2024-02-26,0.027330589472642865,,0.25,0.006832647368160716
2024-02-27,-0.03370952238164788,,0.25,-0.00842738059541197
2024-02-28,0.037649003685295446,,0.25,0.009412250921323861
2024-02-29,0.010630082640118386,,0.25,0.0026575206600295965
2024-03-01,0.004745079976712535,,0.25,0.0011862699941781337
2024-03-04,0.005561205438136345,,0.25,0.0013903013595340864
2024-03-05,0.0005525072983496034,,0.25,0.00013812682458740085
2024-03-06,0.004280695367145865,,0.25,0.0010701738417864663
2024-03-07,0.004184604591531401,,0.25,0.0010461511478828502
2024-03-08,-0.00345219367910333,,0.25,-0.0008630484197758325
2024-03-11,-0.012738104223573783,,0.25,-0.0031845260558934457
2024-03-12,-0.0011670810550905646,,0.25,-0.00029177026377264116
2024-03-13,-0.0018327562640703594,,0.25,-0.00045818906601758985
2024-03-14,0.0013037858295850994,,0.25,0.00032594645739627485
2024-03-15,0.0014579732141120389,,0.25,0.0003644933035280097
2024-03-18,-0.006204780336276772,,0.25,-0.001551195084069193
2024-03-19,0.0037482232772538897,,0.25,0.0009370558193134724
2024-03-20,-0.0050584134837413355,,0.25,-0.0012646033709353339
2024-03-21,-0.005801160776509005,,0.25,-0.0014502901941272513
2024-03-22,0.0034438091614332825,,0.25,0.0008609522903583206
2024-03-25,0.0015736504442517834,,0.25,0.00039341261106294584
2024-03-26,-0.006078662002564259,,0.25,-0.0015196655006410648
2024-03-27,0.008312109126369255,,0.25,0.002078027281592314
2024-03-28,0.01056682895720335,,0.25,0.0026417072393008375
2024-03-29,0.007130993482652765,,0.25,0.0017827483706631913
2024-04-01,0.0011074160966132668,,0.25,0.0002768540241533167
2024-04-02,0.008274675109551786,,0.25,0.0020686687773879466
2024-04-03,-0.002887498984266094,,0.25,-0.0007218747460665235
2024-04-08,0.0013536476653911833,,0.25,0.0003384119163477958
2024-04-09,-0.004931751584546365,,0.25,-0.0012329378961365913
2024-04-10,0.0037148866248886353,,0.25,0.0009287216562221588
2024-04-11,-0.008237688492437277,,0.25,-0.002059422123109319
2024-04-12,0.011226206286407433,,0.25,0.0028065515716018583
2024-04-15,-0.010617104858221609,,0.25,-0.002654276214555402
2024-04-16,0.014524908525715712,,0.25,0.003631227131428928
2024-04-17,0.005313047764732936,,0.25,0.001328261941183234
2024-04-18,-0.002622034541201026,,0.25,-0.0006555086353002565
2024-04-19,-0.010400594323664842,,0.25,-0.0026001485809162106
2024-04-22,-0.013775698042658857,,0.25,-0.003443924510664714
2024-04-23,-0.0023965178694748826,,0.25,-0.0005991294673687207
2024-04-24,0.008958975971976596,,0.25,0.002239743992994149
2024-04-25,0.0024051901545656036,,0.25,0.0006012975386414009
2024-04-26,0.010340971298246833,,0.25,0.002585242824561708
2024-04-29,0.0048467676724520785,,0.25,0.0012116919181130196
2024-04-30,0.0035634102343090153,,0.25,0.0008908525585772538
2024-05-06,0.0026567669030071288,,0.25,0.0006641917257517822
2024-05-07,-0.011024217357360524,,0.25,-0.002756054339340131
2024-05-08,0.02192178488339651,,0.25,0.005480446220849127
2024-05-09,-0.010724208145265932,,0.25,-0.002681052036316483
2024-05-10,0.0029544757351835666,,0.25,0.0007386189337958917
2024-05-13,-0.0004911564567435267,,0.25,-0.00012278911418588166
2024-05-14,-0.010090205250171607,,0.25,-0.0025225513125429018
2024-05-15,0.002550989871564049,,0.25,0.0006377474678910122
2024-05-16,0.018916183559998807,,0.5,0.009208091779999403
2024-05-17,-0.0012327465421027486,,0.5,-0.0006163732710513743
2024-05-20,-0.0029810502347965536,,0.25,-0.0009952625586991384
2024-05-21,0.00926810109633153,,0.5,0.004384050548165765
2024-05-22,-0.018075986627811735,,0.25,-0.004768996656952934
2024-05-23,-0.014987677935405983,,0.25,-0.003746919483851496
2024-05-24,0.008145071738766354,,0.25,0.0020362679346915885
2024-05-27,-0.0067700639893648225,,0.25,-0.0016925159973412056
2024-05-28,1.990162582770445e-05,,0.25,4.975406456926112e-06
2024-05-29,0.00604195349946187,,0.25,0.0015104883748654676
2024-05-30,-0.004193010955861267,,0.25,-0.0010482527389653168
2024-05-31,-0.004811773788815284,,0.25,-0.001202943447203821
2024-06-03,0.0048430318039442925,,0.25,0.0012107579509860731
2024-06-04,-0.012720041777232367,,0.25,-0.0031800104443080917
2024-06-05,-0.0041076789925422776,,0.25,-0.0010269197481355694
2024-06-06,0.0026297345542660674,,0.25,0.0006574336385665168
2024-06-07,-0.01016714069689071,,0.25,-0.0025417851742226775
2024-06-11,0.0040759746029532685,,0.25,0.0010189936507383171
2024-06-12,-0.014715919330218848,,0.25,-0.003678979832554712
2024-06-13,0.0031344109418944026,,0.25,0.0007836027354736006
2024-06-14,-0.008889493179172123,,0.25,-0.002222373294793031
2024-06-17,-0.0014151802823155575,,0.25,-0.00035379507057888937
2024-06-18,-0.003156824303953359,,0.25,-0.0007892060759883397
2024-06-19,-0.0070806261188200315,,0.25,-0.0017701565297050079
2024-06-20,-0.005588561347203677,,0.25,-0.0013971403368009192
2024-06-21,-0.011046220998087726,,0.25,-0.0027615552495219315
2024-06-24,-0.004223831381170027,,0.25,-0.0010559578452925067
2024-06-25,0.006597805058281219,,0.25,0.0016494512645703048
2024-06-26,-0.007562835345495899,,0.25,-0.0018907088363739747
2024-06-27,0.006018968500312879,,0.25,0.0015047421250782198
2024-06-28,0.01567686730535595,,0.25,0.003919216826338987
2024-07-01,-0.016994061562891783,,0.25,-0.004248515390722946
2024-07-02,-0.0005243595288184182,,0.25,-0.00013108988220460454
2024-07-03,-0.013647697282514335,,0.0,-0.00025
2024-07-04,0.006273919576464953,,0.0,0.0
2024-07-05,-0.015201746024191618,,0.0,-0.0
2024-07-08,0.0144980822554841,,0.0,0.0
2024-07-09,0.0069783159347411305,,0.25,0.0014945789836852826
2024-07-10,0.018546188834164538,,0.25,0.004636547208541134
2024-07-11,-0.000551717184218381,,0.25,-0.00013792929605459524
2024-07-12,-0.009209915672831049,,0.25,-0.002302478918207762
2024-07-15,0.014933226507831543,,0.25,0.003733306626957886
2024-07-16,-0.016249053990230695,,0.25,-0.004062263497557674
2024-07-17,0.005876817802750179,,0.25,0.0014692044506875448
2024-07-18,0.011706775582245851,,0.25,0.002926693895561463
2024-07-19,-0.0030193588283576843,,0.25,-0.0007548397070894211
2024-07-22,-0.035578582508148555,,0.0,-0.00025
2024-07-23,-0.018037885605421227,,0.0,-0.0
2024-07-24,0.0059535922618282125,,0.0,0.0
2024-07-25,0.025450489822681714,,0.25,0.006112622455670428
2024-07-26,-0.01501236500130505,,0.0,-0.00025
2024-07-29,-0.004729328102042017,,0.0,-0.0
2024-07-30,0.04162043979154041,,0.25,0.010155109947885103
2024-07-31,-0.011771166755072534,,0.25,-0.0029427916887681334
2024-08-01,-0.012297039594047921,,0.25,-0.0030742598985119803
2024-08-02,-0.013197580351964843,,0.0,-0.00025
2024-08-05,-0.002211501135046261,,0.0,-0.0
2024-08-06,0.004819514038689187,,0.0,0.0
2024-08-07,0.002152858498801892,,0.0,0.0
2024-08-08,-0.001440198433562303,,0.0,-0.0
2024-08-09,0.000794724954529585,,0.0,0.0
2024-08-12,-0.00016787487757874252,,0.0,-0.0
2024-08-13,-0.0013789505247415175,,0.0,-0.0
2024-08-14,0.01077806476051878,,0.25,0.002444516190129695
2024-08-15,0.0012144435281153045,,0.25,0.0003036108820288261
2024-08-16,0.006765682655272487,,0.25,0.0016914206638181217
2024-08-19,-0.012758270850914246,,0.0,-0.00025
2024-08-20,-0.0008605573727676194,,0.0,-0.0
2024-08-21,0.0017983374153475987,,0.0,0.0
2024-08-22,0.007492843177852691,,0.25,0.0016232107944631727
2024-08-23,-0.0023855102679073187,,0.25,-0.0005963775669768297
2024-08-26,0.0011019806869035976,,0.25,0.0002754951717258994
2024-08-27,-0.0026765242290513274,,0.25,-0.0006691310572628318
2024-08-28,-0.011895207387883602,,0.0,-0.00025
2024-08-29,-0.0007489482792951495,,0.0,-0.0
2024-08-30,-0.0033316253793154466,,0.0,-0.0
2024-09-02,0.0007708640590726591,,0.0,0.0
2024-09-03,-0.0038717409221903625,,0.0,-0.0
2024-09-04,0.009241211648361976,,0.0,0.0
2024-09-05,-0.018076371941830368,,0.0,-0.0
2024-09-06,-0.0026983700222966383,,0.0,-0.0
2024-09-09,0.001588392754689261,,0.0,0.0
2024-09-10,0.006421052361266749,,0.0,0.0
2024-09-11,-0.00348670396321161,,0.0,-0.0
2024-09-12,-0.008106946727589834,,0.0,-0.0
2024-09-13,0.0014359886927642748,,0.0,0.0
2024-09-18,0.012889408269867585,,0.0,0.0
2024-09-19,0.002189415338195258,,0.0,0.0
2024-09-20,0.009685229897101022,,0.0,0.0
2024-09-23,0.04867399496598012,,0.25,0.01191849874149503
2024-09-24,-0.0044392428895991985,,0.25,-0.0011098107223997996
2024-09-25,0.06143757525536538,,0.25,0.015359393813841346
2024-09-26,0.10565888468738334,,0.75,0.07874416351553751
2024-09-27,0.14709445881399807,,1.0,0.14684445881399807
2024-09-30,-0.019376755080729464,,1.0,-0.019376755080729464
2024-10-08,-0.06427571863446666,,0.5,-0.03263785931723333
2024-10-09,0.013867101947689869,,0.5,0.0069335509738449345
2024-10-10,-0.026322196709677496,,0.5,-0.013161098354838748
2024-10-11,0.015949227197430856,,0.5,0.007974613598715428
2024-10-14,-0.02891439086017375,,0.5,-0.014457195430086875
2024-10-15,0.004631734108448604,,0.5,0.002315867054224302
2024-10-16,-0.018188737475096754,,0.0,-0.0005
2024-10-17,0.032603505485022666,,0.5,0.015801752742511332
2024-10-18,-0.0017858499569974942,,0.5,-0.0008929249784987471
2024-10-21,0.019864958847378437,,0.5,0.009932479423689218
2024-10-22,0.0022594108612094656,,0.5,0.0011297054306047328
2024-10-23,-0.010757239929595772,,0.5,-0.005378619964797886
2024-10-24,0.011968051628779461,,0.5,0.005984025814389731
2024-10-25,0.009674987451847228,,0.5,0.004837493725923614
2024-10-28,-0.018498476964337828,,0.5,-0.009249238482168914
2024-10-29,0.002230950578804693,,0.5,0.0011154752894023466
2024-10-30,-0.00665201562487834,,0.5,-0.00332600781243917
2024-10-31,0.0009459042726930368,,0.5,0.0004729521363465184
2024-11-01,0.024762006664985646,,0.5,0.012381003332492823
2024-11-04,0.054525788130353234,,1.0,0.05402578813035323
2024-11-05,-0.023653229588291202,,1.0,-0.023653229588291202
2024-11-06,0.059323893799767394,,1.0,0.059323893799767394
2024-11-07,-0.010918108598964516,,1.0,-0.010918108598964516
2024-11-08,0.03349015597427091,,1.0,0.03349015597427091
2024-11-11,-0.034094467571205836,,1.0,-0.034094467571205836
2024-11-12,0.005991064419216461,,1.0,0.005991064419216461
2024-11-13,-0.03166581066476123,,1.0,-0.03166581066476123
2024-11-14,-0.035865110308964276,,1.0,-0.035865110308964276
2024-11-15,-0.016816749258176764,,0.5,-0.008908374629088382
2024-11-18,0.017692207469041925,,1.0,0.017192207469041924
2024-11-19,0.008486197969708915,,1.0,0.008486197969708915
2024-11-20,0.00026583557825182,,1.0,0.00026583557825182
2024-11-21,-0.041878936118629376,,0.5,-0.02143946805931469
2024-11-22,-0.007920578257644804,,0.5,-0.003960289128822402
2024-11-25,-0.006962143108578567,,0.5,-0.0034810715542892834
2024-11-26,0.031185855626499878,,0.5,0.015592927813249939
2024-11-27,-0.010255379136649326,,0.5,-0.005127689568324663
2024-11-28,0.01860173357902864,,0.5,0.00930086678951432
2024-11-29,0.015319915421884375,,1.0,0.014819915421884374
2024-12-02,-0.001756587840655007,,1.0,-0.001756587840655007
2024-12-03,-0.008100263662097831,,1.0,-0.008100263662097831
2024-12-04,-0.0007357967218339643,,1.0,-0.0007357967218339643
2024-12-05,0.012342961053005093,,1.0,0.012342961053005093
2024-12-06,0.030732031779879473,,1.0,0.030732031779879473
2024-12-09,-0.02032685966658242,,1.0,-0.02032685966658242
2024-12-10,0.005568857034119211,,1.0,0.005568857034119211
2024-12-11,0.004599649905296718,,1.0,0.004599649905296718
2024-12-12,-0.02469603349113721,,1.0,-0.02469603349113721
2024-12-13,-0.005647014588203913,,1.0,-0.005647014588203913
2024-12-16,-0.002395228538120873,,1.0,-0.002395228538120873
2024-12-17,0.0008077779295761131,,1.0,0.0008077779295761131
2024-12-18,-0.002552198922434626,,0.5,-0.001776099461217313
2024-12-19,-0.0017866290480384305,,0.5,-0.0008933145240192153
2024-12-20,0.005219815116127039,,1.0,0.004719815116127039
2024-12-23,0.012719121696961336,,1.0,0.012719121696961336
2024-12-24,-0.0024909081278708858,,1.0,-0.0024909081278708858
2024-12-25,-0.004168628302814738,,1.0,-0.004168628302814738
2024-12-26,0.002771074970343439,,1.0,0.002771074970343439
2024-12-27,0.0031111691791376253,,1.0,0.0031111691791376253
2024-12-30,-0.012067864749200652,,1.0,-0.012067864749200652
2024-12-31,-0.021886031050060147,,0.5,-0.011443015525030074
2025-01-02,-0.024049269088920504,,0.5,-0.012024634544460252
2025-01-03,-0.005203667306487313,,0.5,-0.0026018336532436567
2025-01-06,0.014213040748844087,,0.5,0.007106520374422044
2025-01-07,-0.0076385254943697614,,0.5,-0.0038192627471848807
2025-01-08,0.00700753583367861,,0.5,0.003503767916839305
2025-01-09,-0.02540975854891865,,0.0,-0.0005
2025-01-10,0.014148939579442426,,0.5,0.006574469789721213
2025-01-13,0.03697211124549472,,0.5,0.01848605562274736
2025-01-14,-0.006058191356053915,,0.5,-0.0030290956780269574
2025-01-15,-0.00516551443818818,,0.5,-0.00258275721909409
2025-01-16,0.017795143142531486,,0.5,0.008897571571265743
2025-01-17,0.011551182398326396,,1.0,0.011051182398326396
2025-01-20,-0.0008569317797261608,,1.0,-0.0008569317797261608
2025-01-21,0.004439576621908324,,1.0,0.004439576621908324
2025-01-22,-0.01422220976212827,,0.5,-0.007611104881064135
2025-01-23,0.019083112636869494,,1.0,0.018583112636869493
2025-01-24,-0.012527185917361586,,1.0,-0.012527185917361586
2025-01-27,-0.008170699229677605,,0.5,-0.004585349614838802
2025-02-05,0.02252936135937064,,1.0,0.022029361359370638
2025-02-06,0.02413769993967997,,1.0,0.02413769993967997
2025-02-07,0.0025623430880945984,,1.0,0.0025623430880945984
2025-02-10,-0.015050468599046471,,1.0,-0.015050468599046471
2025-02-11,0.019980620294322873,,1.0,0.019980620294322873
2025-02-12,-0.009025612529382316,,1.0,-0.009025612529382316
2025-02-13,0.010004651700831466,,1.0,0.010004651700831466
2025-02-14,-0.0007065552671405468,,1.0,-0.0007065552671405468
2025-02-17,-0.022416124867877463,,1.0,-0.022416124867877463
2025-02-18,0.018666245114868953,,1.0,0.018666245114868953
2025-02-19,-0.0003393813808183985,,1.0,-0.0003393813808183985
2025-02-20,0.013792032628636604,,1.0,0.013792032628636604
2025-02-21,-0.00349676267803742,,1.0,-0.00349676267803742
2025-02-24,0.005178482242623382,,1.0,0.005178482242623382
2025-02-25,0.018936261350959133,,1.0,0.018936261350959133
2025-02-26,-0.0072914097714889626,,1.0,-0.0072914097714889626
2025-02-27,-0.022292631065197927,,1.0,-0.022292631065197927
2025-02-28,-0.006305009819470878,,1.0,-0.006305009819470878
2025-03-03,0.028675718587636012,,1.0,0.028675718587636012
2025-03-04,0.013157851405270008,,1.0,0.013157851405270008
2025-03-05,0.015718856357714386,,1.0,0.015718856357714386
2025-03-06,-0.010559548581660297,,1.0,-0.010559548581660297
2025-03-07,-0.015084166144788755,,1.0,-0.015084166144788755
2025-03-10,0.009556884184850985,,1.0,0.009556884184850985
2025-03-11,-0.007673505187967152,,1.0,-0.007673505187967152
2025-03-12,-0.017219638436805292,,1.0,-0.017219638436805292
2025-03-13,0.019640951225174865,,1.0,0.019640951225174865
2025-03-14,0.0007126452446703806,,1.0,0.0007126452446703806
2025-03-17,0.0028923039746064673,,1.0,0.0028923039746064673
2025-03-18,-0.012354783614737503,,1.0,-0.012354783614737503
2025-03-19,-0.009844470407286617,,1.0,-0.009844470407286617
2025-03-20,-0.024511636285250445,,1.0,-0.024511636285250445
2025-03-21,0.006457765283453416,,1.0,0.006457765283453416
2025-03-24,-0.018958382497111393,,1.0,-0.018958382497111393
2025-03-25,0.001607775339375016,,1.0,0.001607775339375016
2025-03-26,0.0044908894901594144,,1.0,0.0044908894901594144
2025-03-27,-0.011956439388736988,,1.0,-0.011956439388736988
2025-03-28,0.002688368312566024,,1.0,0.002688368312566024
2025-03-31,-0.005285069348359044,,1.0,-0.005285069348359044
2025-04-01,-0.009149695474029386,,1.0,-0.009149695474029386
2025-04-02,-0.043167310323669585,,0.5,-0.022083655161834793
2025-04-03,-0.05913578790532791,,0.0,-0.0005
2025-04-07,-0.011295412790144843,,0.0,-0.0
2025-04-08,0.062511887648524,,0.5,0.030755943824262
2025-04-09,-0.005731312203694639,,0.0,-0.0005
2025-04-10,0.027525394533117514,,0.5,0.013262697266558756
2025-04-11,-0.006271489670923019,,0.5,-0.0031357448354615096
2025-04-14,-0.007576881509000394,,0.5,-0.003788440754500197
2025-04-15,-0.006401718729412734,,0.5,-0.003200859364706367
2025-04-16,0.008469766673271357,,0.5,0.004234883336635679
2025-04-17,0.003481695640886954,,0.5,0.001740847820443477
2025-04-18,0.0073529428034889485,,0.5,0.0036764714017444742
2025-04-21,0.005345337100852214,,0.5,0.002672668550426107
2025-04-22,-0.004452393459713133,,0.5,-0.0022261967298565664
2025-04-23,-0.00436248918086967,,0.5,-0.002181244590434835
2025-04-24,0.0001443450833522901,,0.5,7.217254167614505e-05
2025-04-25,-0.010193601224848923,,0.5,-0.005096800612424461
2025-04-28,0.0014323877165198162,,0.5,0.0007161938582599081
2025-04-29,0.011007508751126254,,0.5,0.005503754375563127
2025-04-30,0.031685208442822,,0.5,0.015842604221411
2025-05-06,-0.020474620199410976,,0.5,-0.010237310099705488
2025-05-07,0.0054411148693054665,,0.5,0.0027205574346527333
2025-05-08,-0.004824334535633029,,0.5,-0.0024121672678165144
2025-05-09,0.017868255642978177,,0.5,0.008934127821489089
2025-05-12,-0.011250976996084284,,0.5,-0.005625488498042142
2025-05-13,0.00312849644221755,,0.5,0.001564248221108775
2025-05-14,-0.017555841980516462,,0.5,-0.008777920990258231
2025-05-15,0.004369365301170229,,0.5,0.0021846826505851143
2025-05-16,-0.002069961249311081,,0.5,-0.0010349806246555404
2025-05-19,0.0080901456432974,,0.5,0.0040450728216487
2025-05-20,0.0032590425848570822,,0.5,0.0016295212924285411
2025-05-21,-0.007451308380794214,,0.5,-0.003725654190397107
2025-05-22,-0.008532261937685942,,0.5,-0.004266130968842971
2025-05-23,-0.0018121620297161987,,0.5,-0.0009060810148580993
2025-05-26,-0.00932994675958844,,0.5,-0.00466497337979422
2025-05-27,-0.004473455126641333,,0.5,-0.0022367275633206666
2025-05-28,0.015680615368272748,,0.5,0.007840307684136374
2025-05-29,-0.015576262788441514,,0.5,-0.007788131394220757
2025-05-30,0.006676894744182156,,0.5,0.003338447372091078
2025-06-03,0.005303170134165633,,0.5,0.0026515850670828164
2025-06-04,0.007716817634551693,,0.5,0.0038584088172758466
2025-06-05,0.0028621437589449947,,0.5,0.0014310718794724973
2025-06-06,0.001313847840574626,,0.5,0.000656923920287313
2025-06-09,-0.007730638441911812,,0.5,-0.003865319220955906
2025-06-10,0.006725257021242952,,0.5,0.003362628510621476
2025-06-11,-0.0035106503708705874,,0.5,-0.0017553251854352937
2025-06-12,-0.004267248281323096,,0.5,-0.002133624140661548
2025-06-13,0.008385479034819173,,0.5,0.0041927395174095865
2025-06-16,-0.0008294457189587572,,0.5,-0.0004147228594793786
2025-06-17,0.0031014881287687807,,0.5,0.0015507440643843903
2025-06-18,0.00068154946849697,,0.5,0.000340774734248485
2025-06-19,-0.00332789571198149,,0.5,-0.001663947855990745
2025-06-20,0.0031282336662397056,,0.5,0.0015641168331198528
2025-06-23,0.013903208977892403,,0.5,0.006951604488946201
2025-06-24,0.008215738706979541,,0.5,0.0041078693534897705
2025-06-25,0.0015418238233438904,,0.5,0.0007709119116719452
2025-06-26,-0.0026453555654394386,,0.5,-0.0013226777827197193
2025-06-27,0.005259014796188253,,1.0,0.004759014796188253
2025-06-30,0.00022651655704901256,,1.0,0.00022651655704901256
2025-07-01,-0.004458952725562698,,0.5,-0.002729476362781349
2025-07-02,0.006641075214639712,,1.0,0.0061410752146397116
2025-07-03,0.007830630082071051,,1.0,0.007830630082071051
2025-07-04,-0.0024690290594440297,,1.0,-0.0024690290594440297
2025-07-07,0.011282401919941211,,1.0,0.011282401919941211
2025-07-08,-0.00173417359879364,,1.0,-0.00173417359879364
2025-07-09,0.009222587955934787,,1.0,0.009222587955934787
2025-07-10,-0.0017810018492561623,,1.0,-0.0017810018492561623
2025-07-11,-0.00027666327528704047,,1.0,-0.00027666327528704047
2025-07-14,0.007307880523676379,,1.0,0.007307880523676379
2025-07-15,-0.0025271301168773197,,1.0,-0.0025271301168773197
2025-07-16,0.014215672271876867,,1.0,0.014215672271876867
2025-07-17,-0.0019111053565630555,,1.0,-0.0019111053565630555
2025-07-18,0.000942426756483172,,1.0,0.000942426756483172
2025-07-21,-0.006396524558523589,,1.0,-0.006396524558523589
2025-07-22,0.003770687967072285,,1.0,0.003770687967072285
2025-07-23,0.006309352541206269,,1.0,0.006309352541206269
2025-07-24,0.0004530384799937478,,1.0,0.0004530384799937478
2025-07-25,0.007086680294431837,,1.0,0.007086680294431837
2025-07-28,0.0029406434266414736,,1.0,0.0029406434266414736
2025-07-29,-0.0020698951931080447,,1.0,-0.0020698951931080447
2025-07-30,-0.008607378256772592,,1.0,-0.008607378256772592
2025-07-31,-0.005419495947502725,,1.0,-0.005419495947502725
2025-08-01,0.010300272525691085,,1.0,0.010300272525691085
2025-08-04,0.006709614237949426,,1.0,0.006709614237949426
2025-08-05,0.013718170395624884,,1.0,0.013718170395624884
2025-08-06,-0.005101331756583841,,1.0,-0.005101331756583841
2025-08-07,0.005333880166067643,,1.0,0.005333880166067643
2025-08-08,0.009120965857773135,,1.0,0.009120965857773135
2025-08-11,0.0007330209755462781,,1.0,0.0007330209755462781
2025-08-12,0.007727935652987581,,1.0,0.007727935652987581
2025-08-13,-0.014171520936558251,,1.0,-0.014171520936558251
2025-08-14,0.026623399128459624,,1.0,0.026623399128459624
2025-08-15,0.005820854902979461,,1.0,0.005820854902979461
2025-08-18,-0.005725414495056182,,1.0,-0.005725414495056182
2025-08-19,0.006516634695202318,,1.0,0.006516634695202318
2025-08-20,-0.0036066159478325612,,1.0,-0.0036066159478325612
2025-08-21,0.021154270253954124,,1.0,0.021154270253954124
2025-08-22,0.017904563738277573,,1.0,0.017904563738277573
2025-08-25,-0.007128535813513125,,1.0,-0.007128535813513125
2025-08-26,-0.02509604689078444,,1.0,-0.02509604689078444
2025-08-27,0.020946382250981742,,1.0,0.020946382250981742
2025-08-28,0.007112752040311986,,1.0,0.007112752040311986
2025-08-29,0.0032191071423263032,,1.0,0.0032191071423263032
2025-09-01,-0.011620326978409834,,1.0,-0.011620326978409834
2025-09-02,-0.02199540183332982,,1.0,-0.02199540183332982
2025-09-03,-0.01976930593285607,,1.0,-0.01976930593285607
2025-09-04,0.034955665449312556,,1.0,0.034955665449312556
2025-09-05,0.0007226910539487067,,1.0,0.0007226910539487067
2025-09-08,-0.002741253460110833,,1.0,-0.002741253460110833
2025-09-09,-0.0023659282022941786,,1.0,-0.0023659282022941786
2025-09-10,0.026181255208909418,,1.0,0.026181255208909418
2025-09-11,0.007274220765776877,,1.0,0.007274220765776877
2025-09-12,0.0018888888586700197,,1.0,0.0018888888586700197
2025-09-15,-0.003553764622211739,,1.0,-0.003553764622211739
2025-09-16,0.008280472010086793,,1.0,0.008280472010086793
2025-09-17,-0.020117052033132077,,1.0,-0.020117052033132077
2025-09-18,0.0072995417370621905,,1.0,0.0072995417370621905
2025-09-19,0.0033862938505876588,,1.0,0.0033862938505876588
2025-09-22,-0.015922391693819392,,1.0,-0.015922391693819392
2025-09-23,0.02516633511830161,,1.0,0.02516633511830161
2025-09-24,0.0005841293273520673,,1.0,0.0005841293273520673
2025-09-25,-0.002178102225678509,,1.0,-0.002178102225678509
2025-09-26,0.02743780625990515,,1.0,0.02743780625990515
2025-09-29,0.03102657183194136,,1.0,0.03102657183194136
2025-09-30,0.01143296362064409,,1.0,0.01143296362064409
2025-10-09,-0.07845233985934803,,1.0,-0.07845233985934803
2025-10-10,0.04374326211525737,,1.0,0.04374326211525737
2025-10-13,-0.03766572556992026,,1.0,-0.03766572556992026
2025-10-14,0.019182334315777996,,1.0,0.019182334315777996
2025-10-15,0.0005812740049178351,,1.0,0.0005812740049178351
2025-10-16,-0.024634196913571937,,1.0,-0.024634196913571937
2025-10-17,-0.003182984934278394,,1.0,-0.003182984934278394
2025-10-20,0.022395075879656886,,1.0,0.022395075879656886
2025-10-21,-0.010317517608015967,,1.0,-0.010317517608015967
2025-10-22,0.011888499702835151,,1.0,0.011888499702835151
2025-10-23,0.038101806752934134,,1.0,0.038101806752934134
2025-10-24,-0.0021459847598514666,,1.0,-0.0021459847598514666
2025-10-27,5.0913594692799866e-05,,1.0,5.0913594692799866e-05
2025-10-28,0.032542516637992305,,1.0,0.032542516637992305
2025-10-29,-0.013696655138440542,,1.0,-0.013696655138440542
2025-10-30,-0.02099899169968497,,1.0,-0.02099899169968497
2025-10-31,0.004590683931246086,,1.0,0.004590683931246086
2025-11-03,-0.021645379983418638,,1.0,-0.021645379983418638
2025-11-04,0.014749543310734473,,1.0,0.014749543310734473
2025-11-05,0.012289747811649272,,1.0,0.012289747811649272
2025-11-06,0.0039003047331111025,,1.0,0.0039003047331111025
2025-11-07,0.0035095926472876577,,1.0,0.0035095926472876577
2025-11-10,-0.01529487779587754,,1.0,-0.01529487779587754
2025-11-11,-0.0015703213966927801,,1.0,-0.0015703213966927801
2025-11-12,0.010950464173352778,,1.0,0.010950464173352778
2025-11-13,-0.002033155353505552,,1.0,-0.002033155353505552
2025-11-14,-0.005609740646903521,,1.0,-0.005609740646903521
2025-11-17,-0.015228757220493504,,1.0,-0.015228757220493504
2025-11-18,0.011033433119731822,,1.0,0.011033433119731822
2025-11-19,-0.02157144538350032,,1.0,-0.02157144538350032
2025-11-20,-0.023459204544882144,,1.0,-0.023459204544882144
2025-11-21,0.009394786150114071,,1.0,0.009394786150114071
2025-11-24,0.0011020467843146687,,1.0,0.0011020467843146687
2025-11-25,-0.005147423247016032,,1.0,-0.005147423247016032
2025-11-26,-3.4305237673242304e-05,,1.0,-3.4305237673242304e-05
2025-11-27,0.01613078432619887,,1.0,0.01613078432619887
2025-11-28,0.0036794250220641552,,1.0,0.0036794250220641552
2025-12-01,-0.011098452604954616,,1.0,-0.011098452604954616
2025-12-02,-0.00699939085540831,,1.0,-0.00699939085540831
2025-12-03,0.006366338993357273,,1.0,0.006366338993357273
2025-12-04,0.013794187419182683,,1.0,0.013794187419182683
2025-12-05,0.018179932552900575,,1.0,0.018179932552900575
2025-12-08,0.003650740980510426,,1.0,0.003650740980510426
2025-12-09,0.0018660186273807956,,1.0,0.0018660186273807956
2025-12-10,-0.016189691292145043,,1.0,-0.016189691292145043
2025-12-11,0.005061379565913725,,1.0,0.005061379565913725
2025-12-12,-0.01435155347360656,,1.0,-0.01435155347360656
2025-12-15,-0.01950818402135003,,1.0,-0.01950818402135003
2025-12-16,0.0239032343155427,,1.0,0.0239032343155427
2025-12-17,-0.0020770925554967055,,1.0,-0.0020770925554967055
2025-12-18,0.008855674870935993,,1.0,0.008855674870935993
2025-12-19,0.018172929056933452,,1.0,0.018172929056933452
2025-12-22,0.007130663038586587,,1.0,0.007130663038586587
2025-12-23,0.0057539356838342106,,1.0,0.0057539356838342106
2025-12-24,0.0070968911590139575,,1.0,0.0070968911590139575
2025-12-25,0.009074169844179745,,1.0,0.009074169844179745
2025-12-26,-0.018667269843575272,,1.0,-0.018667269843575272
2025-12-29,0.01845427251065452,,1.0,0.01845427251065452
2025-12-30,-0.0024232492842413992,,1.0,-0.0024232492842413992
2025-12-31,0.02284767592079194,,1.0,0.02284767592079194
2026-01-05,0.03184731165953274,,1.0,0.03184731165953274
2026-01-06,-0.00736984293954931,,1.0,-0.00736984293954931
2026-01-07,0.011573350976969678,,1.0,0.011573350976969678
2026-01-08,0.022854950644262406,,1.0,0.022854950644262406
2026-01-09,0.013911408039753596,,1.0,0.013911408039753596
2026-01-12,-0.017383036739559064,,1.0,-0.017383036739559064
2026-01-13,-0.007161518931016368,,1.0,-0.007161518931016368
2026-01-14,0.020268139268293087,,1.0,0.020268139268293087
2026-01-15,-0.007352325564814547,,1.0,-0.007352325564814547
2026-01-16,0.015718913383520106,,1.0,0.015718913383520106
2026-01-19,-0.020501170954292568,,1.0,-0.020501170954292568
2026-01-20,0.022702306887651746,,1.0,0.022702306887651746
2026-01-21,0.005970742683843078,,1.0,0.005970742683843078
2026-01-22,0.035044151352682705,,1.0,0.035044151352682705
2026-01-23,-0.02745006178686789,,1.0,-0.02745006178686789
2026-01-26,0.012281918090330269,,1.0,0.012281918090330269
2026-01-27,0.004076831650645595,,1.0,0.004076831650645595
2026-01-28,-0.027274655061172905,,1.0,-0.027274655061172905
2026-01-29,-0.030154813919182757,,1.0,-0.030154813919182757
2026-01-30,-0.006496930148743657,,1.0,-0.006496930148743657
2026-02-02,0.025985678408898896,,1.0,0.025985678408898896
2026-02-03,-0.008748419182264003,,1.0,-0.008748419182264003
2026-02-04,-0.03589627976146045,,1.0,-0.03589627976146045
2026-02-05,0.039185278947621784,,1.0,0.039185278947621784
2026-02-06,0.006288509230341478,,1.0,0.006288509230341478
2026-02-09,-0.0049627543084338815,,1.0,-0.0049627543084338815
2026-02-10,0.007677903156464717,,1.0,0.007677903156464717
2026-02-11,0.0018958653597048935,,1.0,0.0018958653597048935
2026-02-12,0.004243421810446614,,1.0,0.004243421810446614
2026-02-13,0.004489504632164153,,1.0,0.004489504632164153
2026-02-24,0.019952820473518693,,1.0,0.019952820473518693
2026-02-25,-0.008718090720683046,,1.0,-0.008718090720683046
2026-02-26,0.017951649638462318,,1.0,0.017951649638462318
2026-02-27,0.0057789067851989565,,1.0,0.0057789067851989565
2026-03-02,-0.028104203969887963,,1.0,-0.028104203969887963
2026-03-03,0.0034696023566217187,,1.0,0.0034696023566217187
2026-03-04,-0.009674362633039538,,1.0,-0.009674362633039538
2026-03-05,0.009291195806061647,,1.0,0.009291195806061647
2026-03-06,-0.011552197667016078,,1.0,-0.011552197667016078
2026-03-09,0.010348154858804085,,1.0,0.010348154858804085
2026-03-10,0.017581446905228677,,1.0,0.017581446905228677
2026-03-11,0.002377981865488701,,1.0,0.002377981865488701
2026-03-12,-0.00570512757416307,,1.0,-0.00570512757416307
2026-03-13,-0.007377602000278247,,1.0,-0.007377602000278247
2026-03-16,-0.019568674315137938,,1.0,-0.019568674315137938
2026-03-17,-0.0038429547316617342,,1.0,-0.0038429547316617342
2026-03-18,-0.017426551675317137,,1.0,-0.017426551675317137
2026-03-19,0.001770218395589468,,1.0,0.001770218395589468
2026-03-20,-0.015431360826510395,,1.0,-0.015431360826510395
2026-03-23,0.0010050407204890677,,1.0,0.0010050407204890677
2026-03-24,0.010958963595429897,,1.0,0.010958963595429897
2026-03-25,-0.007693757803985038,,1.0,-0.007693757803985038
2026-03-26,0.019243558970588787,,1.0,0.019243558970588787
2026-03-27,-0.0006849049439758442,,1.0,-0.0006849049439758442
2026-03-30,-0.01707167141805856,,1.0,-0.01707167141805856
2026-03-31,0.0020084185196300062,,1.0,0.0020084185196300062
2026-04-01,-0.0048224874838607365,,1.0,-0.0048224874838607365
2026-04-02,-0.015284836548725254,,1.0,-0.015284836548725254
2026-04-03,0.006984817404140447,,1.0,0.006984817404140447
2026-04-07,0.01776350326621993,,1.0,0.01776350326621993
2026-04-08,-0.0006415542253996917,,1.0,-0.0006415542253996917
2026-04-09,0.011466199569255873,,1.0,0.011466199569255873
2026-04-10,0.008124241637415075,,1.0,0.008124241637415075
2026-04-13,0.0007412772827321293,,1.0,0.0007412772827321293
2026-04-14,-0.004920882370064302,,1.0,-0.004920882370064302
2026-04-15,0.014471294829409882,,1.0,0.014471294829409882
2026-04-16,-0.004619998198390351,,1.0,-0.004619998198390351
2026-04-17,0.0024228847443951607,,1.0,0.0024228847443951607
2026-04-20,0.008920156159292794,,1.0,0.008920156159292794
2026-04-21,0.007896187167541324,,1.0,0.007896187167541324
2026-04-22,0.007078790638985585,,1.0,0.007078790638985585
2026-04-23,-0.008673042112441876,,1.0,-0.008673042112441876
2026-04-24,-0.00315731328552288,,1.0,-0.00315731328552288
2026-04-27,0.007875452435536683,,1.0,0.007875452435536683
2026-04-28,0.022199099503882536,,1.0,0.022199099503882536
2026-04-29,-0.001541791224317281,,1.0,-0.001541791224317281
2026-04-30,0.016516713364347235,,1.0,0.016516713364347235
2026-05-06,-0.014497995949418599,,1.0,-0.014497995949418599
2026-05-07,0.008319178575917336,,1.0,0.008319178575917336
2026-05-08,0.017034879308528737,,1.0,0.017034879308528737
2026-05-11,-0.016706142967177668,,1.0,-0.016706142967177668
2026-05-12,0.03627669008928064,,1.0,0.03627669008928064
2026-05-13,-0.036273395354632934,,1.0,-0.036273395354632934
2026-05-14,-0.02026443116744252,,1.0,-0.02026443116744252
2026-05-15,0.007919412800698935,,1.0,0.007919412800698935
2026-05-18,0.013675372397093745,,1.0,0.013675372397093745
2026-05-19,0.041358180291744234,,1.0,0.041358180291744234
2026-05-20,-0.037225694145458565,,1.0,-0.037225694145458565
2026-05-21,0.027261937597188958,,1.0,0.027261937597188958
2026-05-22,0.018328122482702845,,1.0,0.018328122482702845
2026-05-25,0.005681204630433956,,1.0,0.005681204630433956
2026-05-26,-0.030080443999926522,,1.0,-0.030080443999926522
2026-05-27,0.018826628473426643,,1.0,0.018826628473426643
2026-05-28,-0.04268208939009552,,1.0,-0.04268208939009552
2026-05-29,-0.025906502411173465,,1.0,-0.025906502411173465
2026-06-01,0.03321431281491934,,1.0,0.03321431281491934
2026-06-02,0.004084567931227068,,1.0,0.004084567931227068
2026-06-03,0.016056903233924478,,1.0,0.016056903233924478
2026-06-04,-0.07789854645882877,,0.5,-0.03944927322941438
2026-06-05,0.03491256118989681,,1.0,0.03441256118989681
2026-06-08,0.01225802334755037,,1.0,0.01225802334755037
2026-06-09,-0.016849917152689076,,1.0,-0.016849917152689076
2026-06-10,0.04459212515157235,,1.0,0.04459212515157235
2026-06-11,-0.021180552750883277,,1.0,-0.021180552750883277
2026-06-12,0.045142175542994045,,1.0,0.045142175542994045
2026-06-15,-0.0008748425299971608,,1.0,-0.0008748425299971608
2026-06-16,0.05189516799988302,,1.0,0.05189516799988302
2026-06-17,0.045560233836568015,,1.0,0.045560233836568015
2026-06-18,0.008107836164370188,,1.0,0.008107836164370188
2026-06-22,-0.03214225916824179,,1.0,-0.03214225916824179
2026-06-23,0.06135862000909033,,1.0,0.06135862000909033
2026-06-24,0.022924320322137114,,1.0,0.022924320322137114
2026-06-25,-0.015970372966335404,,1.0,-0.015970372966335404
2026-06-26,0.02234530639807242,,1.0,0.02234530639807242
2026-06-29,0.04451300682713272,,1.0,0.04451300682713272
2026-06-30,-0.06274945394551078,,1.0,-0.06274945394551078
2026-07-01,-0.012449336780844384,,1.0,-0.012449336780844384
2026-07-02,0.012352781107856632,,1.0,0.012352781107856632
2026-07-03,-0.0023929225912133678,,1.0,-0.0023929225912133678
2026-07-06,-0.01213881723918767,,1.0,-0.01213881723918767
2026-07-07,-0.0029822079706810075,,1.0,-0.0029822079706810075
2026-07-08,0.016100726164072047,,1.0,0.016100726164072047
2026-07-09,-0.026451851284845264,,1.0,-0.026451851284845264
2026-07-10,-0.015884668785608687,,0.5,-0.008442334392804344
2026-07-13,0.031054703416483514,,1.0,0.030554703416483513
2026-07-14,-0.020799468792019618,,1.0,-0.020799468792019618
2026-07-15,-0.008598834236190709,,0.5,-0.004799417118095355
2026-07-16,-0.027898790021190428,,0.5,-0.013949395010595214
2026-07-17,0.015206497158355701,,0.5,0.007603248579177851
2026-07-20,0.025539264452213436,,1.0,0.025039264452213435
2026-07-21,0.009876118909494983,,1.0,0.009876118909494983
2026-07-22,-0.007922202047565108,,1.0,-0.007922202047565108
2026-07-23,-0.02108496450683396,,0.5,-0.011042482253416981
2026-07-24,0.0001421162856193917,,0.5,7.105814280969585e-05
2026-07-27,-0.01724989601981536,,0.5,-0.00862494800990768
2026-07-28,0.0076179489379516385,,0.5,0.0038089744689758192
2026-07-29,-0.002473727151279728,,0.5,-0.001236863575639864
2026-07-30,-0.008807768003318055,,0.5,-0.004403884001659027
2026-07-31,-0.00010034553903508995,,0.5,-5.0172769517544975e-05
2026-08-03,0.028186580485744857,,0.5,0.014093290242872428
2026-08-04,0.03649889168218019,,1.0,0.03599889168218019
2026-08-05,0.03355656332156823,,1.0,0.03355656332156823
2026-08-06,0.03208899284626001,,1.0,0.03208899284626001
2026-08-07,-0.02158504879592541,,1.0,-0.02158504879592541
2026-08-10,0.005170550146647571,,1.0,0.005170550146647571
2026-08-11,0.029836928162640112,,1.0,0.029836928162640112
2026-08-12,-0.014904286082327304,,1.0,-0.014904286082327304
2026-08-13,0.00010943211515609757,,1.0,0.00010943211515609757
2026-08-14,0.038609487151763426,,1.0,0.038609487151763426
2026-08-17,-0.03008720225646442,,1.0,-0.03008720225646442
2026-08-18,-0.03663472783147763,,1.0,-0.03663472783147763
2026-08-19,-0.01617866084362493,,1.0,-0.01617866084362493
2026-08-20,0.01618147837875172,,1.0,0.01618147837875172
2026-08-21,-0.05411673365883922,,0.5,-0.02755836682941961
2026-08-24,0.019412571423272705,,1.0,0.018912571423272705
2026-08-25,0.01749684098220085,,1.0,0.01749684098220085
2026-08-26,0.0277139869070911,,1.0,0.0277139869070911
2026-08-27,-0.038789279164728,,1.0,-0.038789279164728
2026-08-28,0.039681930935728124,,1.0,0.039681930935728124
2026-08-31,-0.03584080366927805,,1.0,-0.03584080366927805
2026-09-01,-0.0076158402722213085,,1.0,-0.0076158402722213085
2026-09-02,-0.0025156672688414635,,0.5,-0.0017578336344207318
2026-09-03,-0.013379078887671933,,0.5,-0.006689539443835967
2026-09-04,0.005361759274379935,,0.5,0.0026808796371899676
2026-09-07,0.0013695711479603755,,0.5,0.0006847855739801877
2026-09-08,-0.0018465225197369288,,0.5,-0.0009232612598684644
2026-09-09,-0.01121071864468584,,0.5,-0.00560535932234292
2026-09-10,-0.01605262849153749,,0.5,-0.008026314245768745
